subj_id	i1_run_type	i2_run_type	i1_group	i2_group	i1_item	i2_item	i1_pair	i2_pair	i1_color	i2_color	i1_obj	i2_obj	pair_index
08	odd	odd	1	1	1	2	1	1	96	96	1	2	1
08	odd	odd	1	1	1	3	1	2	96	120	1	13	2
08	odd	odd	1	1	1	4	1	2	96	120	1	14	3
08	odd	odd	1	1	1	5	1	3	96	144	1	3	4
08	odd	odd	1	1	1	6	1	3	96	144	1	4	5
08	odd	odd	1	1	1	7	1	4	96	168	1	15	6
08	odd	odd	1	1	1	8	1	4	96	168	1	16	7
08	odd	odd	1	1	1	9	1	5	96	192	1	5	8
08	odd	odd	1	1	1	10	1	5	96	192	1	6	9
08	odd	odd	1	1	1	11	1	6	96	216	1	17	10
08	odd	odd	1	1	1	12	1	6	96	216	1	18	11
08	odd	odd	1	2	1	13	1	7	96	288	1	7	12
08	odd	odd	1	2	1	14	1	7	96	288	1	8	13
08	odd	odd	1	2	1	15	1	8	96	312	1	19	14
08	odd	odd	1	2	1	16	1	8	96	312	1	20	15
08	odd	odd	1	2	1	17	1	9	96	336	1	9	16
08	odd	odd	1	2	1	18	1	9	96	336	1	10	17
08	odd	odd	1	2	1	19	1	10	96	360	1	21	18
08	odd	odd	1	2	1	20	1	10	96	360	1	22	19
08	odd	odd	1	2	1	21	1	11	96	24	1	11	20
08	odd	odd	1	2	1	22	1	11	96	24	1	12	21
08	odd	odd	1	2	1	23	1	12	96	48	1	23	22
08	odd	odd	1	2	1	24	1	12	96	48	1	24	23
08	odd	even	1	1	1	1	1	1	96	96	1	1	24
08	odd	even	1	1	1	2	1	1	96	96	1	2	25
08	odd	even	1	1	1	3	1	2	96	120	1	13	26
08	odd	even	1	1	1	4	1	2	96	120	1	14	27
08	odd	even	1	1	1	5	1	3	96	144	1	3	28
08	odd	even	1	1	1	6	1	3	96	144	1	4	29
08	odd	even	1	1	1	7	1	4	96	168	1	15	30
08	odd	even	1	1	1	8	1	4	96	168	1	16	31
08	odd	even	1	1	1	9	1	5	96	192	1	5	32
08	odd	even	1	1	1	10	1	5	96	192	1	6	33
08	odd	even	1	1	1	11	1	6	96	216	1	17	34
08	odd	even	1	1	1	12	1	6	96	216	1	18	35
08	odd	even	1	2	1	13	1	7	96	288	1	7	36
08	odd	even	1	2	1	14	1	7	96	288	1	8	37
08	odd	even	1	2	1	15	1	8	96	312	1	19	38
08	odd	even	1	2	1	16	1	8	96	312	1	20	39
08	odd	even	1	2	1	17	1	9	96	336	1	9	40
08	odd	even	1	2	1	18	1	9	96	336	1	10	41
08	odd	even	1	2	1	19	1	10	96	360	1	21	42
08	odd	even	1	2	1	20	1	10	96	360	1	22	43
08	odd	even	1	2	1	21	1	11	96	24	1	11	44
08	odd	even	1	2	1	22	1	11	96	24	1	12	45
08	odd	even	1	2	1	23	1	12	96	48	1	23	46
08	odd	even	1	2	1	24	1	12	96	48	1	24	47
08	odd	odd	1	1	2	3	1	2	96	120	2	13	48
08	odd	odd	1	1	2	4	1	2	96	120	2	14	49
08	odd	odd	1	1	2	5	1	3	96	144	2	3	50
08	odd	odd	1	1	2	6	1	3	96	144	2	4	51
08	odd	odd	1	1	2	7	1	4	96	168	2	15	52
08	odd	odd	1	1	2	8	1	4	96	168	2	16	53
08	odd	odd	1	1	2	9	1	5	96	192	2	5	54
08	odd	odd	1	1	2	10	1	5	96	192	2	6	55
08	odd	odd	1	1	2	11	1	6	96	216	2	17	56
08	odd	odd	1	1	2	12	1	6	96	216	2	18	57
08	odd	odd	1	2	2	13	1	7	96	288	2	7	58
08	odd	odd	1	2	2	14	1	7	96	288	2	8	59
08	odd	odd	1	2	2	15	1	8	96	312	2	19	60
08	odd	odd	1	2	2	16	1	8	96	312	2	20	61
08	odd	odd	1	2	2	17	1	9	96	336	2	9	62
08	odd	odd	1	2	2	18	1	9	96	336	2	10	63
08	odd	odd	1	2	2	19	1	10	96	360	2	21	64
08	odd	odd	1	2	2	20	1	10	96	360	2	22	65
08	odd	odd	1	2	2	21	1	11	96	24	2	11	66
08	odd	odd	1	2	2	22	1	11	96	24	2	12	67
08	odd	odd	1	2	2	23	1	12	96	48	2	23	68
08	odd	odd	1	2	2	24	1	12	96	48	2	24	69
08	odd	even	1	1	2	1	1	1	96	96	2	1	70
08	odd	even	1	1	2	2	1	1	96	96	2	2	71
08	odd	even	1	1	2	3	1	2	96	120	2	13	72
08	odd	even	1	1	2	4	1	2	96	120	2	14	73
08	odd	even	1	1	2	5	1	3	96	144	2	3	74
08	odd	even	1	1	2	6	1	3	96	144	2	4	75
08	odd	even	1	1	2	7	1	4	96	168	2	15	76
08	odd	even	1	1	2	8	1	4	96	168	2	16	77
08	odd	even	1	1	2	9	1	5	96	192	2	5	78
08	odd	even	1	1	2	10	1	5	96	192	2	6	79
08	odd	even	1	1	2	11	1	6	96	216	2	17	80
08	odd	even	1	1	2	12	1	6	96	216	2	18	81
08	odd	even	1	2	2	13	1	7	96	288	2	7	82
08	odd	even	1	2	2	14	1	7	96	288	2	8	83
08	odd	even	1	2	2	15	1	8	96	312	2	19	84
08	odd	even	1	2	2	16	1	8	96	312	2	20	85
08	odd	even	1	2	2	17	1	9	96	336	2	9	86
08	odd	even	1	2	2	18	1	9	96	336	2	10	87
08	odd	even	1	2	2	19	1	10	96	360	2	21	88
08	odd	even	1	2	2	20	1	10	96	360	2	22	89
08	odd	even	1	2	2	21	1	11	96	24	2	11	90
08	odd	even	1	2	2	22	1	11	96	24	2	12	91
08	odd	even	1	2	2	23	1	12	96	48	2	23	92
08	odd	even	1	2	2	24	1	12	96	48	2	24	93
08	odd	odd	1	1	3	4	2	2	120	120	13	14	94
08	odd	odd	1	1	3	5	2	3	120	144	13	3	95
08	odd	odd	1	1	3	6	2	3	120	144	13	4	96
08	odd	odd	1	1	3	7	2	4	120	168	13	15	97
08	odd	odd	1	1	3	8	2	4	120	168	13	16	98
08	odd	odd	1	1	3	9	2	5	120	192	13	5	99
08	odd	odd	1	1	3	10	2	5	120	192	13	6	100
08	odd	odd	1	1	3	11	2	6	120	216	13	17	101
08	odd	odd	1	1	3	12	2	6	120	216	13	18	102
08	odd	odd	1	2	3	13	2	7	120	288	13	7	103
08	odd	odd	1	2	3	14	2	7	120	288	13	8	104
08	odd	odd	1	2	3	15	2	8	120	312	13	19	105
08	odd	odd	1	2	3	16	2	8	120	312	13	20	106
08	odd	odd	1	2	3	17	2	9	120	336	13	9	107
08	odd	odd	1	2	3	18	2	9	120	336	13	10	108
08	odd	odd	1	2	3	19	2	10	120	360	13	21	109
08	odd	odd	1	2	3	20	2	10	120	360	13	22	110
08	odd	odd	1	2	3	21	2	11	120	24	13	11	111
08	odd	odd	1	2	3	22	2	11	120	24	13	12	112
08	odd	odd	1	2	3	23	2	12	120	48	13	23	113
08	odd	odd	1	2	3	24	2	12	120	48	13	24	114
08	odd	even	1	1	3	1	2	1	120	96	13	1	115
08	odd	even	1	1	3	2	2	1	120	96	13	2	116
08	odd	even	1	1	3	3	2	2	120	120	13	13	117
08	odd	even	1	1	3	4	2	2	120	120	13	14	118
08	odd	even	1	1	3	5	2	3	120	144	13	3	119
08	odd	even	1	1	3	6	2	3	120	144	13	4	120
08	odd	even	1	1	3	7	2	4	120	168	13	15	121
08	odd	even	1	1	3	8	2	4	120	168	13	16	122
08	odd	even	1	1	3	9	2	5	120	192	13	5	123
08	odd	even	1	1	3	10	2	5	120	192	13	6	124
08	odd	even	1	1	3	11	2	6	120	216	13	17	125
08	odd	even	1	1	3	12	2	6	120	216	13	18	126
08	odd	even	1	2	3	13	2	7	120	288	13	7	127
08	odd	even	1	2	3	14	2	7	120	288	13	8	128
08	odd	even	1	2	3	15	2	8	120	312	13	19	129
08	odd	even	1	2	3	16	2	8	120	312	13	20	130
08	odd	even	1	2	3	17	2	9	120	336	13	9	131
08	odd	even	1	2	3	18	2	9	120	336	13	10	132
08	odd	even	1	2	3	19	2	10	120	360	13	21	133
08	odd	even	1	2	3	20	2	10	120	360	13	22	134
08	odd	even	1	2	3	21	2	11	120	24	13	11	135
08	odd	even	1	2	3	22	2	11	120	24	13	12	136
08	odd	even	1	2	3	23	2	12	120	48	13	23	137
08	odd	even	1	2	3	24	2	12	120	48	13	24	138
08	odd	odd	1	1	4	5	2	3	120	144	14	3	139
08	odd	odd	1	1	4	6	2	3	120	144	14	4	140
08	odd	odd	1	1	4	7	2	4	120	168	14	15	141
08	odd	odd	1	1	4	8	2	4	120	168	14	16	142
08	odd	odd	1	1	4	9	2	5	120	192	14	5	143
08	odd	odd	1	1	4	10	2	5	120	192	14	6	144
08	odd	odd	1	1	4	11	2	6	120	216	14	17	145
08	odd	odd	1	1	4	12	2	6	120	216	14	18	146
08	odd	odd	1	2	4	13	2	7	120	288	14	7	147
08	odd	odd	1	2	4	14	2	7	120	288	14	8	148
08	odd	odd	1	2	4	15	2	8	120	312	14	19	149
08	odd	odd	1	2	4	16	2	8	120	312	14	20	150
08	odd	odd	1	2	4	17	2	9	120	336	14	9	151
08	odd	odd	1	2	4	18	2	9	120	336	14	10	152
08	odd	odd	1	2	4	19	2	10	120	360	14	21	153
08	odd	odd	1	2	4	20	2	10	120	360	14	22	154
08	odd	odd	1	2	4	21	2	11	120	24	14	11	155
08	odd	odd	1	2	4	22	2	11	120	24	14	12	156
08	odd	odd	1	2	4	23	2	12	120	48	14	23	157
08	odd	odd	1	2	4	24	2	12	120	48	14	24	158
08	odd	even	1	1	4	1	2	1	120	96	14	1	159
08	odd	even	1	1	4	2	2	1	120	96	14	2	160
08	odd	even	1	1	4	3	2	2	120	120	14	13	161
08	odd	even	1	1	4	4	2	2	120	120	14	14	162
08	odd	even	1	1	4	5	2	3	120	144	14	3	163
08	odd	even	1	1	4	6	2	3	120	144	14	4	164
08	odd	even	1	1	4	7	2	4	120	168	14	15	165
08	odd	even	1	1	4	8	2	4	120	168	14	16	166
08	odd	even	1	1	4	9	2	5	120	192	14	5	167
08	odd	even	1	1	4	10	2	5	120	192	14	6	168
08	odd	even	1	1	4	11	2	6	120	216	14	17	169
08	odd	even	1	1	4	12	2	6	120	216	14	18	170
08	odd	even	1	2	4	13	2	7	120	288	14	7	171
08	odd	even	1	2	4	14	2	7	120	288	14	8	172
08	odd	even	1	2	4	15	2	8	120	312	14	19	173
08	odd	even	1	2	4	16	2	8	120	312	14	20	174
08	odd	even	1	2	4	17	2	9	120	336	14	9	175
08	odd	even	1	2	4	18	2	9	120	336	14	10	176
08	odd	even	1	2	4	19	2	10	120	360	14	21	177
08	odd	even	1	2	4	20	2	10	120	360	14	22	178
08	odd	even	1	2	4	21	2	11	120	24	14	11	179
08	odd	even	1	2	4	22	2	11	120	24	14	12	180
08	odd	even	1	2	4	23	2	12	120	48	14	23	181
08	odd	even	1	2	4	24	2	12	120	48	14	24	182
08	odd	odd	1	1	5	6	3	3	144	144	3	4	183
08	odd	odd	1	1	5	7	3	4	144	168	3	15	184
08	odd	odd	1	1	5	8	3	4	144	168	3	16	185
08	odd	odd	1	1	5	9	3	5	144	192	3	5	186
08	odd	odd	1	1	5	10	3	5	144	192	3	6	187
08	odd	odd	1	1	5	11	3	6	144	216	3	17	188
08	odd	odd	1	1	5	12	3	6	144	216	3	18	189
08	odd	odd	1	2	5	13	3	7	144	288	3	7	190
08	odd	odd	1	2	5	14	3	7	144	288	3	8	191
08	odd	odd	1	2	5	15	3	8	144	312	3	19	192
08	odd	odd	1	2	5	16	3	8	144	312	3	20	193
08	odd	odd	1	2	5	17	3	9	144	336	3	9	194
08	odd	odd	1	2	5	18	3	9	144	336	3	10	195
08	odd	odd	1	2	5	19	3	10	144	360	3	21	196
08	odd	odd	1	2	5	20	3	10	144	360	3	22	197
08	odd	odd	1	2	5	21	3	11	144	24	3	11	198
08	odd	odd	1	2	5	22	3	11	144	24	3	12	199
08	odd	odd	1	2	5	23	3	12	144	48	3	23	200
08	odd	odd	1	2	5	24	3	12	144	48	3	24	201
08	odd	even	1	1	5	1	3	1	144	96	3	1	202
08	odd	even	1	1	5	2	3	1	144	96	3	2	203
08	odd	even	1	1	5	3	3	2	144	120	3	13	204
08	odd	even	1	1	5	4	3	2	144	120	3	14	205
08	odd	even	1	1	5	5	3	3	144	144	3	3	206
08	odd	even	1	1	5	6	3	3	144	144	3	4	207
08	odd	even	1	1	5	7	3	4	144	168	3	15	208
08	odd	even	1	1	5	8	3	4	144	168	3	16	209
08	odd	even	1	1	5	9	3	5	144	192	3	5	210
08	odd	even	1	1	5	10	3	5	144	192	3	6	211
08	odd	even	1	1	5	11	3	6	144	216	3	17	212
08	odd	even	1	1	5	12	3	6	144	216	3	18	213
08	odd	even	1	2	5	13	3	7	144	288	3	7	214
08	odd	even	1	2	5	14	3	7	144	288	3	8	215
08	odd	even	1	2	5	15	3	8	144	312	3	19	216
08	odd	even	1	2	5	16	3	8	144	312	3	20	217
08	odd	even	1	2	5	17	3	9	144	336	3	9	218
08	odd	even	1	2	5	18	3	9	144	336	3	10	219
08	odd	even	1	2	5	19	3	10	144	360	3	21	220
08	odd	even	1	2	5	20	3	10	144	360	3	22	221
08	odd	even	1	2	5	21	3	11	144	24	3	11	222
08	odd	even	1	2	5	22	3	11	144	24	3	12	223
08	odd	even	1	2	5	23	3	12	144	48	3	23	224
08	odd	even	1	2	5	24	3	12	144	48	3	24	225
08	odd	odd	1	1	6	7	3	4	144	168	4	15	226
08	odd	odd	1	1	6	8	3	4	144	168	4	16	227
08	odd	odd	1	1	6	9	3	5	144	192	4	5	228
08	odd	odd	1	1	6	10	3	5	144	192	4	6	229
08	odd	odd	1	1	6	11	3	6	144	216	4	17	230
08	odd	odd	1	1	6	12	3	6	144	216	4	18	231
08	odd	odd	1	2	6	13	3	7	144	288	4	7	232
08	odd	odd	1	2	6	14	3	7	144	288	4	8	233
08	odd	odd	1	2	6	15	3	8	144	312	4	19	234
08	odd	odd	1	2	6	16	3	8	144	312	4	20	235
08	odd	odd	1	2	6	17	3	9	144	336	4	9	236
08	odd	odd	1	2	6	18	3	9	144	336	4	10	237
08	odd	odd	1	2	6	19	3	10	144	360	4	21	238
08	odd	odd	1	2	6	20	3	10	144	360	4	22	239
08	odd	odd	1	2	6	21	3	11	144	24	4	11	240
08	odd	odd	1	2	6	22	3	11	144	24	4	12	241
08	odd	odd	1	2	6	23	3	12	144	48	4	23	242
08	odd	odd	1	2	6	24	3	12	144	48	4	24	243
08	odd	even	1	1	6	1	3	1	144	96	4	1	244
08	odd	even	1	1	6	2	3	1	144	96	4	2	245
08	odd	even	1	1	6	3	3	2	144	120	4	13	246
08	odd	even	1	1	6	4	3	2	144	120	4	14	247
08	odd	even	1	1	6	5	3	3	144	144	4	3	248
08	odd	even	1	1	6	6	3	3	144	144	4	4	249
08	odd	even	1	1	6	7	3	4	144	168	4	15	250
08	odd	even	1	1	6	8	3	4	144	168	4	16	251
08	odd	even	1	1	6	9	3	5	144	192	4	5	252
08	odd	even	1	1	6	10	3	5	144	192	4	6	253
08	odd	even	1	1	6	11	3	6	144	216	4	17	254
08	odd	even	1	1	6	12	3	6	144	216	4	18	255
08	odd	even	1	2	6	13	3	7	144	288	4	7	256
08	odd	even	1	2	6	14	3	7	144	288	4	8	257
08	odd	even	1	2	6	15	3	8	144	312	4	19	258
08	odd	even	1	2	6	16	3	8	144	312	4	20	259
08	odd	even	1	2	6	17	3	9	144	336	4	9	260
08	odd	even	1	2	6	18	3	9	144	336	4	10	261
08	odd	even	1	2	6	19	3	10	144	360	4	21	262
08	odd	even	1	2	6	20	3	10	144	360	4	22	263
08	odd	even	1	2	6	21	3	11	144	24	4	11	264
08	odd	even	1	2	6	22	3	11	144	24	4	12	265
08	odd	even	1	2	6	23	3	12	144	48	4	23	266
08	odd	even	1	2	6	24	3	12	144	48	4	24	267
08	odd	odd	1	1	7	8	4	4	168	168	15	16	268
08	odd	odd	1	1	7	9	4	5	168	192	15	5	269
08	odd	odd	1	1	7	10	4	5	168	192	15	6	270
08	odd	odd	1	1	7	11	4	6	168	216	15	17	271
08	odd	odd	1	1	7	12	4	6	168	216	15	18	272
08	odd	odd	1	2	7	13	4	7	168	288	15	7	273
08	odd	odd	1	2	7	14	4	7	168	288	15	8	274
08	odd	odd	1	2	7	15	4	8	168	312	15	19	275
08	odd	odd	1	2	7	16	4	8	168	312	15	20	276
08	odd	odd	1	2	7	17	4	9	168	336	15	9	277
08	odd	odd	1	2	7	18	4	9	168	336	15	10	278
08	odd	odd	1	2	7	19	4	10	168	360	15	21	279
08	odd	odd	1	2	7	20	4	10	168	360	15	22	280
08	odd	odd	1	2	7	21	4	11	168	24	15	11	281
08	odd	odd	1	2	7	22	4	11	168	24	15	12	282
08	odd	odd	1	2	7	23	4	12	168	48	15	23	283
08	odd	odd	1	2	7	24	4	12	168	48	15	24	284
08	odd	even	1	1	7	1	4	1	168	96	15	1	285
08	odd	even	1	1	7	2	4	1	168	96	15	2	286
08	odd	even	1	1	7	3	4	2	168	120	15	13	287
08	odd	even	1	1	7	4	4	2	168	120	15	14	288
08	odd	even	1	1	7	5	4	3	168	144	15	3	289
08	odd	even	1	1	7	6	4	3	168	144	15	4	290
08	odd	even	1	1	7	7	4	4	168	168	15	15	291
08	odd	even	1	1	7	8	4	4	168	168	15	16	292
08	odd	even	1	1	7	9	4	5	168	192	15	5	293
08	odd	even	1	1	7	10	4	5	168	192	15	6	294
08	odd	even	1	1	7	11	4	6	168	216	15	17	295
08	odd	even	1	1	7	12	4	6	168	216	15	18	296
08	odd	even	1	2	7	13	4	7	168	288	15	7	297
08	odd	even	1	2	7	14	4	7	168	288	15	8	298
08	odd	even	1	2	7	15	4	8	168	312	15	19	299
08	odd	even	1	2	7	16	4	8	168	312	15	20	300
08	odd	even	1	2	7	17	4	9	168	336	15	9	301
08	odd	even	1	2	7	18	4	9	168	336	15	10	302
08	odd	even	1	2	7	19	4	10	168	360	15	21	303
08	odd	even	1	2	7	20	4	10	168	360	15	22	304
08	odd	even	1	2	7	21	4	11	168	24	15	11	305
08	odd	even	1	2	7	22	4	11	168	24	15	12	306
08	odd	even	1	2	7	23	4	12	168	48	15	23	307
08	odd	even	1	2	7	24	4	12	168	48	15	24	308
08	odd	odd	1	1	8	9	4	5	168	192	16	5	309
08	odd	odd	1	1	8	10	4	5	168	192	16	6	310
08	odd	odd	1	1	8	11	4	6	168	216	16	17	311
08	odd	odd	1	1	8	12	4	6	168	216	16	18	312
08	odd	odd	1	2	8	13	4	7	168	288	16	7	313
08	odd	odd	1	2	8	14	4	7	168	288	16	8	314
08	odd	odd	1	2	8	15	4	8	168	312	16	19	315
08	odd	odd	1	2	8	16	4	8	168	312	16	20	316
08	odd	odd	1	2	8	17	4	9	168	336	16	9	317
08	odd	odd	1	2	8	18	4	9	168	336	16	10	318
08	odd	odd	1	2	8	19	4	10	168	360	16	21	319
08	odd	odd	1	2	8	20	4	10	168	360	16	22	320
08	odd	odd	1	2	8	21	4	11	168	24	16	11	321
08	odd	odd	1	2	8	22	4	11	168	24	16	12	322
08	odd	odd	1	2	8	23	4	12	168	48	16	23	323
08	odd	odd	1	2	8	24	4	12	168	48	16	24	324
08	odd	even	1	1	8	1	4	1	168	96	16	1	325
08	odd	even	1	1	8	2	4	1	168	96	16	2	326
08	odd	even	1	1	8	3	4	2	168	120	16	13	327
08	odd	even	1	1	8	4	4	2	168	120	16	14	328
08	odd	even	1	1	8	5	4	3	168	144	16	3	329
08	odd	even	1	1	8	6	4	3	168	144	16	4	330
08	odd	even	1	1	8	7	4	4	168	168	16	15	331
08	odd	even	1	1	8	8	4	4	168	168	16	16	332
08	odd	even	1	1	8	9	4	5	168	192	16	5	333
08	odd	even	1	1	8	10	4	5	168	192	16	6	334
08	odd	even	1	1	8	11	4	6	168	216	16	17	335
08	odd	even	1	1	8	12	4	6	168	216	16	18	336
08	odd	even	1	2	8	13	4	7	168	288	16	7	337
08	odd	even	1	2	8	14	4	7	168	288	16	8	338
08	odd	even	1	2	8	15	4	8	168	312	16	19	339
08	odd	even	1	2	8	16	4	8	168	312	16	20	340
08	odd	even	1	2	8	17	4	9	168	336	16	9	341
08	odd	even	1	2	8	18	4	9	168	336	16	10	342
08	odd	even	1	2	8	19	4	10	168	360	16	21	343
08	odd	even	1	2	8	20	4	10	168	360	16	22	344
08	odd	even	1	2	8	21	4	11	168	24	16	11	345
08	odd	even	1	2	8	22	4	11	168	24	16	12	346
08	odd	even	1	2	8	23	4	12	168	48	16	23	347
08	odd	even	1	2	8	24	4	12	168	48	16	24	348
08	odd	odd	1	1	9	10	5	5	192	192	5	6	349
08	odd	odd	1	1	9	11	5	6	192	216	5	17	350
08	odd	odd	1	1	9	12	5	6	192	216	5	18	351
08	odd	odd	1	2	9	13	5	7	192	288	5	7	352
08	odd	odd	1	2	9	14	5	7	192	288	5	8	353
08	odd	odd	1	2	9	15	5	8	192	312	5	19	354
08	odd	odd	1	2	9	16	5	8	192	312	5	20	355
08	odd	odd	1	2	9	17	5	9	192	336	5	9	356
08	odd	odd	1	2	9	18	5	9	192	336	5	10	357
08	odd	odd	1	2	9	19	5	10	192	360	5	21	358
08	odd	odd	1	2	9	20	5	10	192	360	5	22	359
08	odd	odd	1	2	9	21	5	11	192	24	5	11	360
08	odd	odd	1	2	9	22	5	11	192	24	5	12	361
08	odd	odd	1	2	9	23	5	12	192	48	5	23	362
08	odd	odd	1	2	9	24	5	12	192	48	5	24	363
08	odd	even	1	1	9	1	5	1	192	96	5	1	364
08	odd	even	1	1	9	2	5	1	192	96	5	2	365
08	odd	even	1	1	9	3	5	2	192	120	5	13	366
08	odd	even	1	1	9	4	5	2	192	120	5	14	367
08	odd	even	1	1	9	5	5	3	192	144	5	3	368
08	odd	even	1	1	9	6	5	3	192	144	5	4	369
08	odd	even	1	1	9	7	5	4	192	168	5	15	370
08	odd	even	1	1	9	8	5	4	192	168	5	16	371
08	odd	even	1	1	9	9	5	5	192	192	5	5	372
08	odd	even	1	1	9	10	5	5	192	192	5	6	373
08	odd	even	1	1	9	11	5	6	192	216	5	17	374
08	odd	even	1	1	9	12	5	6	192	216	5	18	375
08	odd	even	1	2	9	13	5	7	192	288	5	7	376
08	odd	even	1	2	9	14	5	7	192	288	5	8	377
08	odd	even	1	2	9	15	5	8	192	312	5	19	378
08	odd	even	1	2	9	16	5	8	192	312	5	20	379
08	odd	even	1	2	9	17	5	9	192	336	5	9	380
08	odd	even	1	2	9	18	5	9	192	336	5	10	381
08	odd	even	1	2	9	19	5	10	192	360	5	21	382
08	odd	even	1	2	9	20	5	10	192	360	5	22	383
08	odd	even	1	2	9	21	5	11	192	24	5	11	384
08	odd	even	1	2	9	22	5	11	192	24	5	12	385
08	odd	even	1	2	9	23	5	12	192	48	5	23	386
08	odd	even	1	2	9	24	5	12	192	48	5	24	387
08	odd	odd	1	1	10	11	5	6	192	216	6	17	388
08	odd	odd	1	1	10	12	5	6	192	216	6	18	389
08	odd	odd	1	2	10	13	5	7	192	288	6	7	390
08	odd	odd	1	2	10	14	5	7	192	288	6	8	391
08	odd	odd	1	2	10	15	5	8	192	312	6	19	392
08	odd	odd	1	2	10	16	5	8	192	312	6	20	393
08	odd	odd	1	2	10	17	5	9	192	336	6	9	394
08	odd	odd	1	2	10	18	5	9	192	336	6	10	395
08	odd	odd	1	2	10	19	5	10	192	360	6	21	396
08	odd	odd	1	2	10	20	5	10	192	360	6	22	397
08	odd	odd	1	2	10	21	5	11	192	24	6	11	398
08	odd	odd	1	2	10	22	5	11	192	24	6	12	399
08	odd	odd	1	2	10	23	5	12	192	48	6	23	400
08	odd	odd	1	2	10	24	5	12	192	48	6	24	401
08	odd	even	1	1	10	1	5	1	192	96	6	1	402
08	odd	even	1	1	10	2	5	1	192	96	6	2	403
08	odd	even	1	1	10	3	5	2	192	120	6	13	404
08	odd	even	1	1	10	4	5	2	192	120	6	14	405
08	odd	even	1	1	10	5	5	3	192	144	6	3	406
08	odd	even	1	1	10	6	5	3	192	144	6	4	407
08	odd	even	1	1	10	7	5	4	192	168	6	15	408
08	odd	even	1	1	10	8	5	4	192	168	6	16	409
08	odd	even	1	1	10	9	5	5	192	192	6	5	410
08	odd	even	1	1	10	10	5	5	192	192	6	6	411
08	odd	even	1	1	10	11	5	6	192	216	6	17	412
08	odd	even	1	1	10	12	5	6	192	216	6	18	413
08	odd	even	1	2	10	13	5	7	192	288	6	7	414
08	odd	even	1	2	10	14	5	7	192	288	6	8	415
08	odd	even	1	2	10	15	5	8	192	312	6	19	416
08	odd	even	1	2	10	16	5	8	192	312	6	20	417
08	odd	even	1	2	10	17	5	9	192	336	6	9	418
08	odd	even	1	2	10	18	5	9	192	336	6	10	419
08	odd	even	1	2	10	19	5	10	192	360	6	21	420
08	odd	even	1	2	10	20	5	10	192	360	6	22	421
08	odd	even	1	2	10	21	5	11	192	24	6	11	422
08	odd	even	1	2	10	22	5	11	192	24	6	12	423
08	odd	even	1	2	10	23	5	12	192	48	6	23	424
08	odd	even	1	2	10	24	5	12	192	48	6	24	425
08	odd	odd	1	1	11	12	6	6	216	216	17	18	426
08	odd	odd	1	2	11	13	6	7	216	288	17	7	427
08	odd	odd	1	2	11	14	6	7	216	288	17	8	428
08	odd	odd	1	2	11	15	6	8	216	312	17	19	429
08	odd	odd	1	2	11	16	6	8	216	312	17	20	430
08	odd	odd	1	2	11	17	6	9	216	336	17	9	431
08	odd	odd	1	2	11	18	6	9	216	336	17	10	432
08	odd	odd	1	2	11	19	6	10	216	360	17	21	433
08	odd	odd	1	2	11	20	6	10	216	360	17	22	434
08	odd	odd	1	2	11	21	6	11	216	24	17	11	435
08	odd	odd	1	2	11	22	6	11	216	24	17	12	436
08	odd	odd	1	2	11	23	6	12	216	48	17	23	437
08	odd	odd	1	2	11	24	6	12	216	48	17	24	438
08	odd	even	1	1	11	1	6	1	216	96	17	1	439
08	odd	even	1	1	11	2	6	1	216	96	17	2	440
08	odd	even	1	1	11	3	6	2	216	120	17	13	441
08	odd	even	1	1	11	4	6	2	216	120	17	14	442
08	odd	even	1	1	11	5	6	3	216	144	17	3	443
08	odd	even	1	1	11	6	6	3	216	144	17	4	444
08	odd	even	1	1	11	7	6	4	216	168	17	15	445
08	odd	even	1	1	11	8	6	4	216	168	17	16	446
08	odd	even	1	1	11	9	6	5	216	192	17	5	447
08	odd	even	1	1	11	10	6	5	216	192	17	6	448
08	odd	even	1	1	11	11	6	6	216	216	17	17	449
08	odd	even	1	1	11	12	6	6	216	216	17	18	450
08	odd	even	1	2	11	13	6	7	216	288	17	7	451
08	odd	even	1	2	11	14	6	7	216	288	17	8	452
08	odd	even	1	2	11	15	6	8	216	312	17	19	453
08	odd	even	1	2	11	16	6	8	216	312	17	20	454
08	odd	even	1	2	11	17	6	9	216	336	17	9	455
08	odd	even	1	2	11	18	6	9	216	336	17	10	456
08	odd	even	1	2	11	19	6	10	216	360	17	21	457
08	odd	even	1	2	11	20	6	10	216	360	17	22	458
08	odd	even	1	2	11	21	6	11	216	24	17	11	459
08	odd	even	1	2	11	22	6	11	216	24	17	12	460
08	odd	even	1	2	11	23	6	12	216	48	17	23	461
08	odd	even	1	2	11	24	6	12	216	48	17	24	462
08	odd	odd	1	2	12	13	6	7	216	288	18	7	463
08	odd	odd	1	2	12	14	6	7	216	288	18	8	464
08	odd	odd	1	2	12	15	6	8	216	312	18	19	465
08	odd	odd	1	2	12	16	6	8	216	312	18	20	466
08	odd	odd	1	2	12	17	6	9	216	336	18	9	467
08	odd	odd	1	2	12	18	6	9	216	336	18	10	468
08	odd	odd	1	2	12	19	6	10	216	360	18	21	469
08	odd	odd	1	2	12	20	6	10	216	360	18	22	470
08	odd	odd	1	2	12	21	6	11	216	24	18	11	471
08	odd	odd	1	2	12	22	6	11	216	24	18	12	472
08	odd	odd	1	2	12	23	6	12	216	48	18	23	473
08	odd	odd	1	2	12	24	6	12	216	48	18	24	474
08	odd	even	1	1	12	1	6	1	216	96	18	1	475
08	odd	even	1	1	12	2	6	1	216	96	18	2	476
08	odd	even	1	1	12	3	6	2	216	120	18	13	477
08	odd	even	1	1	12	4	6	2	216	120	18	14	478
08	odd	even	1	1	12	5	6	3	216	144	18	3	479
08	odd	even	1	1	12	6	6	3	216	144	18	4	480
08	odd	even	1	1	12	7	6	4	216	168	18	15	481
08	odd	even	1	1	12	8	6	4	216	168	18	16	482
08	odd	even	1	1	12	9	6	5	216	192	18	5	483
08	odd	even	1	1	12	10	6	5	216	192	18	6	484
08	odd	even	1	1	12	11	6	6	216	216	18	17	485
08	odd	even	1	1	12	12	6	6	216	216	18	18	486
08	odd	even	1	2	12	13	6	7	216	288	18	7	487
08	odd	even	1	2	12	14	6	7	216	288	18	8	488
08	odd	even	1	2	12	15	6	8	216	312	18	19	489
08	odd	even	1	2	12	16	6	8	216	312	18	20	490
08	odd	even	1	2	12	17	6	9	216	336	18	9	491
08	odd	even	1	2	12	18	6	9	216	336	18	10	492
08	odd	even	1	2	12	19	6	10	216	360	18	21	493
08	odd	even	1	2	12	20	6	10	216	360	18	22	494
08	odd	even	1	2	12	21	6	11	216	24	18	11	495
08	odd	even	1	2	12	22	6	11	216	24	18	12	496
08	odd	even	1	2	12	23	6	12	216	48	18	23	497
08	odd	even	1	2	12	24	6	12	216	48	18	24	498
08	odd	odd	2	2	13	14	7	7	288	288	7	8	499
08	odd	odd	2	2	13	15	7	8	288	312	7	19	500
08	odd	odd	2	2	13	16	7	8	288	312	7	20	501
08	odd	odd	2	2	13	17	7	9	288	336	7	9	502
08	odd	odd	2	2	13	18	7	9	288	336	7	10	503
08	odd	odd	2	2	13	19	7	10	288	360	7	21	504
08	odd	odd	2	2	13	20	7	10	288	360	7	22	505
08	odd	odd	2	2	13	21	7	11	288	24	7	11	506
08	odd	odd	2	2	13	22	7	11	288	24	7	12	507
08	odd	odd	2	2	13	23	7	12	288	48	7	23	508
08	odd	odd	2	2	13	24	7	12	288	48	7	24	509
08	odd	even	2	1	13	1	7	1	288	96	7	1	510
08	odd	even	2	1	13	2	7	1	288	96	7	2	511
08	odd	even	2	1	13	3	7	2	288	120	7	13	512
08	odd	even	2	1	13	4	7	2	288	120	7	14	513
08	odd	even	2	1	13	5	7	3	288	144	7	3	514
08	odd	even	2	1	13	6	7	3	288	144	7	4	515
08	odd	even	2	1	13	7	7	4	288	168	7	15	516
08	odd	even	2	1	13	8	7	4	288	168	7	16	517
08	odd	even	2	1	13	9	7	5	288	192	7	5	518
08	odd	even	2	1	13	10	7	5	288	192	7	6	519
08	odd	even	2	1	13	11	7	6	288	216	7	17	520
08	odd	even	2	1	13	12	7	6	288	216	7	18	521
08	odd	even	2	2	13	13	7	7	288	288	7	7	522
08	odd	even	2	2	13	14	7	7	288	288	7	8	523
08	odd	even	2	2	13	15	7	8	288	312	7	19	524
08	odd	even	2	2	13	16	7	8	288	312	7	20	525
08	odd	even	2	2	13	17	7	9	288	336	7	9	526
08	odd	even	2	2	13	18	7	9	288	336	7	10	527
08	odd	even	2	2	13	19	7	10	288	360	7	21	528
08	odd	even	2	2	13	20	7	10	288	360	7	22	529
08	odd	even	2	2	13	21	7	11	288	24	7	11	530
08	odd	even	2	2	13	22	7	11	288	24	7	12	531
08	odd	even	2	2	13	23	7	12	288	48	7	23	532
08	odd	even	2	2	13	24	7	12	288	48	7	24	533
08	odd	odd	2	2	14	15	7	8	288	312	8	19	534
08	odd	odd	2	2	14	16	7	8	288	312	8	20	535
08	odd	odd	2	2	14	17	7	9	288	336	8	9	536
08	odd	odd	2	2	14	18	7	9	288	336	8	10	537
08	odd	odd	2	2	14	19	7	10	288	360	8	21	538
08	odd	odd	2	2	14	20	7	10	288	360	8	22	539
08	odd	odd	2	2	14	21	7	11	288	24	8	11	540
08	odd	odd	2	2	14	22	7	11	288	24	8	12	541
08	odd	odd	2	2	14	23	7	12	288	48	8	23	542
08	odd	odd	2	2	14	24	7	12	288	48	8	24	543
08	odd	even	2	1	14	1	7	1	288	96	8	1	544
08	odd	even	2	1	14	2	7	1	288	96	8	2	545
08	odd	even	2	1	14	3	7	2	288	120	8	13	546
08	odd	even	2	1	14	4	7	2	288	120	8	14	547
08	odd	even	2	1	14	5	7	3	288	144	8	3	548
08	odd	even	2	1	14	6	7	3	288	144	8	4	549
08	odd	even	2	1	14	7	7	4	288	168	8	15	550
08	odd	even	2	1	14	8	7	4	288	168	8	16	551
08	odd	even	2	1	14	9	7	5	288	192	8	5	552
08	odd	even	2	1	14	10	7	5	288	192	8	6	553
08	odd	even	2	1	14	11	7	6	288	216	8	17	554
08	odd	even	2	1	14	12	7	6	288	216	8	18	555
08	odd	even	2	2	14	13	7	7	288	288	8	7	556
08	odd	even	2	2	14	14	7	7	288	288	8	8	557
08	odd	even	2	2	14	15	7	8	288	312	8	19	558
08	odd	even	2	2	14	16	7	8	288	312	8	20	559
08	odd	even	2	2	14	17	7	9	288	336	8	9	560
08	odd	even	2	2	14	18	7	9	288	336	8	10	561
08	odd	even	2	2	14	19	7	10	288	360	8	21	562
08	odd	even	2	2	14	20	7	10	288	360	8	22	563
08	odd	even	2	2	14	21	7	11	288	24	8	11	564
08	odd	even	2	2	14	22	7	11	288	24	8	12	565
08	odd	even	2	2	14	23	7	12	288	48	8	23	566
08	odd	even	2	2	14	24	7	12	288	48	8	24	567
08	odd	odd	2	2	15	16	8	8	312	312	19	20	568
08	odd	odd	2	2	15	17	8	9	312	336	19	9	569
08	odd	odd	2	2	15	18	8	9	312	336	19	10	570
08	odd	odd	2	2	15	19	8	10	312	360	19	21	571
08	odd	odd	2	2	15	20	8	10	312	360	19	22	572
08	odd	odd	2	2	15	21	8	11	312	24	19	11	573
08	odd	odd	2	2	15	22	8	11	312	24	19	12	574
08	odd	odd	2	2	15	23	8	12	312	48	19	23	575
08	odd	odd	2	2	15	24	8	12	312	48	19	24	576
08	odd	even	2	1	15	1	8	1	312	96	19	1	577
08	odd	even	2	1	15	2	8	1	312	96	19	2	578
08	odd	even	2	1	15	3	8	2	312	120	19	13	579
08	odd	even	2	1	15	4	8	2	312	120	19	14	580
08	odd	even	2	1	15	5	8	3	312	144	19	3	581
08	odd	even	2	1	15	6	8	3	312	144	19	4	582
08	odd	even	2	1	15	7	8	4	312	168	19	15	583
08	odd	even	2	1	15	8	8	4	312	168	19	16	584
08	odd	even	2	1	15	9	8	5	312	192	19	5	585
08	odd	even	2	1	15	10	8	5	312	192	19	6	586
08	odd	even	2	1	15	11	8	6	312	216	19	17	587
08	odd	even	2	1	15	12	8	6	312	216	19	18	588
08	odd	even	2	2	15	13	8	7	312	288	19	7	589
08	odd	even	2	2	15	14	8	7	312	288	19	8	590
08	odd	even	2	2	15	15	8	8	312	312	19	19	591
08	odd	even	2	2	15	16	8	8	312	312	19	20	592
08	odd	even	2	2	15	17	8	9	312	336	19	9	593
08	odd	even	2	2	15	18	8	9	312	336	19	10	594
08	odd	even	2	2	15	19	8	10	312	360	19	21	595
08	odd	even	2	2	15	20	8	10	312	360	19	22	596
08	odd	even	2	2	15	21	8	11	312	24	19	11	597
08	odd	even	2	2	15	22	8	11	312	24	19	12	598
08	odd	even	2	2	15	23	8	12	312	48	19	23	599
08	odd	even	2	2	15	24	8	12	312	48	19	24	600
08	odd	odd	2	2	16	17	8	9	312	336	20	9	601
08	odd	odd	2	2	16	18	8	9	312	336	20	10	602
08	odd	odd	2	2	16	19	8	10	312	360	20	21	603
08	odd	odd	2	2	16	20	8	10	312	360	20	22	604
08	odd	odd	2	2	16	21	8	11	312	24	20	11	605
08	odd	odd	2	2	16	22	8	11	312	24	20	12	606
08	odd	odd	2	2	16	23	8	12	312	48	20	23	607
08	odd	odd	2	2	16	24	8	12	312	48	20	24	608
08	odd	even	2	1	16	1	8	1	312	96	20	1	609
08	odd	even	2	1	16	2	8	1	312	96	20	2	610
08	odd	even	2	1	16	3	8	2	312	120	20	13	611
08	odd	even	2	1	16	4	8	2	312	120	20	14	612
08	odd	even	2	1	16	5	8	3	312	144	20	3	613
08	odd	even	2	1	16	6	8	3	312	144	20	4	614
08	odd	even	2	1	16	7	8	4	312	168	20	15	615
08	odd	even	2	1	16	8	8	4	312	168	20	16	616
08	odd	even	2	1	16	9	8	5	312	192	20	5	617
08	odd	even	2	1	16	10	8	5	312	192	20	6	618
08	odd	even	2	1	16	11	8	6	312	216	20	17	619
08	odd	even	2	1	16	12	8	6	312	216	20	18	620
08	odd	even	2	2	16	13	8	7	312	288	20	7	621
08	odd	even	2	2	16	14	8	7	312	288	20	8	622
08	odd	even	2	2	16	15	8	8	312	312	20	19	623
08	odd	even	2	2	16	16	8	8	312	312	20	20	624
08	odd	even	2	2	16	17	8	9	312	336	20	9	625
08	odd	even	2	2	16	18	8	9	312	336	20	10	626
08	odd	even	2	2	16	19	8	10	312	360	20	21	627
08	odd	even	2	2	16	20	8	10	312	360	20	22	628
08	odd	even	2	2	16	21	8	11	312	24	20	11	629
08	odd	even	2	2	16	22	8	11	312	24	20	12	630
08	odd	even	2	2	16	23	8	12	312	48	20	23	631
08	odd	even	2	2	16	24	8	12	312	48	20	24	632
08	odd	odd	2	2	17	18	9	9	336	336	9	10	633
08	odd	odd	2	2	17	19	9	10	336	360	9	21	634
08	odd	odd	2	2	17	20	9	10	336	360	9	22	635
08	odd	odd	2	2	17	21	9	11	336	24	9	11	636
08	odd	odd	2	2	17	22	9	11	336	24	9	12	637
08	odd	odd	2	2	17	23	9	12	336	48	9	23	638
08	odd	odd	2	2	17	24	9	12	336	48	9	24	639
08	odd	even	2	1	17	1	9	1	336	96	9	1	640
08	odd	even	2	1	17	2	9	1	336	96	9	2	641
08	odd	even	2	1	17	3	9	2	336	120	9	13	642
08	odd	even	2	1	17	4	9	2	336	120	9	14	643
08	odd	even	2	1	17	5	9	3	336	144	9	3	644
08	odd	even	2	1	17	6	9	3	336	144	9	4	645
08	odd	even	2	1	17	7	9	4	336	168	9	15	646
08	odd	even	2	1	17	8	9	4	336	168	9	16	647
08	odd	even	2	1	17	9	9	5	336	192	9	5	648
08	odd	even	2	1	17	10	9	5	336	192	9	6	649
08	odd	even	2	1	17	11	9	6	336	216	9	17	650
08	odd	even	2	1	17	12	9	6	336	216	9	18	651
08	odd	even	2	2	17	13	9	7	336	288	9	7	652
08	odd	even	2	2	17	14	9	7	336	288	9	8	653
08	odd	even	2	2	17	15	9	8	336	312	9	19	654
08	odd	even	2	2	17	16	9	8	336	312	9	20	655
08	odd	even	2	2	17	17	9	9	336	336	9	9	656
08	odd	even	2	2	17	18	9	9	336	336	9	10	657
08	odd	even	2	2	17	19	9	10	336	360	9	21	658
08	odd	even	2	2	17	20	9	10	336	360	9	22	659
08	odd	even	2	2	17	21	9	11	336	24	9	11	660
08	odd	even	2	2	17	22	9	11	336	24	9	12	661
08	odd	even	2	2	17	23	9	12	336	48	9	23	662
08	odd	even	2	2	17	24	9	12	336	48	9	24	663
08	odd	odd	2	2	18	19	9	10	336	360	10	21	664
08	odd	odd	2	2	18	20	9	10	336	360	10	22	665
08	odd	odd	2	2	18	21	9	11	336	24	10	11	666
08	odd	odd	2	2	18	22	9	11	336	24	10	12	667
08	odd	odd	2	2	18	23	9	12	336	48	10	23	668
08	odd	odd	2	2	18	24	9	12	336	48	10	24	669
08	odd	even	2	1	18	1	9	1	336	96	10	1	670
08	odd	even	2	1	18	2	9	1	336	96	10	2	671
08	odd	even	2	1	18	3	9	2	336	120	10	13	672
08	odd	even	2	1	18	4	9	2	336	120	10	14	673
08	odd	even	2	1	18	5	9	3	336	144	10	3	674
08	odd	even	2	1	18	6	9	3	336	144	10	4	675
08	odd	even	2	1	18	7	9	4	336	168	10	15	676
08	odd	even	2	1	18	8	9	4	336	168	10	16	677
08	odd	even	2	1	18	9	9	5	336	192	10	5	678
08	odd	even	2	1	18	10	9	5	336	192	10	6	679
08	odd	even	2	1	18	11	9	6	336	216	10	17	680
08	odd	even	2	1	18	12	9	6	336	216	10	18	681
08	odd	even	2	2	18	13	9	7	336	288	10	7	682
08	odd	even	2	2	18	14	9	7	336	288	10	8	683
08	odd	even	2	2	18	15	9	8	336	312	10	19	684
08	odd	even	2	2	18	16	9	8	336	312	10	20	685
08	odd	even	2	2	18	17	9	9	336	336	10	9	686
08	odd	even	2	2	18	18	9	9	336	336	10	10	687
08	odd	even	2	2	18	19	9	10	336	360	10	21	688
08	odd	even	2	2	18	20	9	10	336	360	10	22	689
08	odd	even	2	2	18	21	9	11	336	24	10	11	690
08	odd	even	2	2	18	22	9	11	336	24	10	12	691
08	odd	even	2	2	18	23	9	12	336	48	10	23	692
08	odd	even	2	2	18	24	9	12	336	48	10	24	693
08	odd	odd	2	2	19	20	10	10	360	360	21	22	694
08	odd	odd	2	2	19	21	10	11	360	24	21	11	695
08	odd	odd	2	2	19	22	10	11	360	24	21	12	696
08	odd	odd	2	2	19	23	10	12	360	48	21	23	697
08	odd	odd	2	2	19	24	10	12	360	48	21	24	698
08	odd	even	2	1	19	1	10	1	360	96	21	1	699
08	odd	even	2	1	19	2	10	1	360	96	21	2	700
08	odd	even	2	1	19	3	10	2	360	120	21	13	701
08	odd	even	2	1	19	4	10	2	360	120	21	14	702
08	odd	even	2	1	19	5	10	3	360	144	21	3	703
08	odd	even	2	1	19	6	10	3	360	144	21	4	704
08	odd	even	2	1	19	7	10	4	360	168	21	15	705
08	odd	even	2	1	19	8	10	4	360	168	21	16	706
08	odd	even	2	1	19	9	10	5	360	192	21	5	707
08	odd	even	2	1	19	10	10	5	360	192	21	6	708
08	odd	even	2	1	19	11	10	6	360	216	21	17	709
08	odd	even	2	1	19	12	10	6	360	216	21	18	710
08	odd	even	2	2	19	13	10	7	360	288	21	7	711
08	odd	even	2	2	19	14	10	7	360	288	21	8	712
08	odd	even	2	2	19	15	10	8	360	312	21	19	713
08	odd	even	2	2	19	16	10	8	360	312	21	20	714
08	odd	even	2	2	19	17	10	9	360	336	21	9	715
08	odd	even	2	2	19	18	10	9	360	336	21	10	716
08	odd	even	2	2	19	19	10	10	360	360	21	21	717
08	odd	even	2	2	19	20	10	10	360	360	21	22	718
08	odd	even	2	2	19	21	10	11	360	24	21	11	719
08	odd	even	2	2	19	22	10	11	360	24	21	12	720
08	odd	even	2	2	19	23	10	12	360	48	21	23	721
08	odd	even	2	2	19	24	10	12	360	48	21	24	722
08	odd	odd	2	2	20	21	10	11	360	24	22	11	723
08	odd	odd	2	2	20	22	10	11	360	24	22	12	724
08	odd	odd	2	2	20	23	10	12	360	48	22	23	725
08	odd	odd	2	2	20	24	10	12	360	48	22	24	726
08	odd	even	2	1	20	1	10	1	360	96	22	1	727
08	odd	even	2	1	20	2	10	1	360	96	22	2	728
08	odd	even	2	1	20	3	10	2	360	120	22	13	729
08	odd	even	2	1	20	4	10	2	360	120	22	14	730
08	odd	even	2	1	20	5	10	3	360	144	22	3	731
08	odd	even	2	1	20	6	10	3	360	144	22	4	732
08	odd	even	2	1	20	7	10	4	360	168	22	15	733
08	odd	even	2	1	20	8	10	4	360	168	22	16	734
08	odd	even	2	1	20	9	10	5	360	192	22	5	735
08	odd	even	2	1	20	10	10	5	360	192	22	6	736
08	odd	even	2	1	20	11	10	6	360	216	22	17	737
08	odd	even	2	1	20	12	10	6	360	216	22	18	738
08	odd	even	2	2	20	13	10	7	360	288	22	7	739
08	odd	even	2	2	20	14	10	7	360	288	22	8	740
08	odd	even	2	2	20	15	10	8	360	312	22	19	741
08	odd	even	2	2	20	16	10	8	360	312	22	20	742
08	odd	even	2	2	20	17	10	9	360	336	22	9	743
08	odd	even	2	2	20	18	10	9	360	336	22	10	744
08	odd	even	2	2	20	19	10	10	360	360	22	21	745
08	odd	even	2	2	20	20	10	10	360	360	22	22	746
08	odd	even	2	2	20	21	10	11	360	24	22	11	747
08	odd	even	2	2	20	22	10	11	360	24	22	12	748
08	odd	even	2	2	20	23	10	12	360	48	22	23	749
08	odd	even	2	2	20	24	10	12	360	48	22	24	750
08	odd	odd	2	2	21	22	11	11	24	24	11	12	751
08	odd	odd	2	2	21	23	11	12	24	48	11	23	752
08	odd	odd	2	2	21	24	11	12	24	48	11	24	753
08	odd	even	2	1	21	1	11	1	24	96	11	1	754
08	odd	even	2	1	21	2	11	1	24	96	11	2	755
08	odd	even	2	1	21	3	11	2	24	120	11	13	756
08	odd	even	2	1	21	4	11	2	24	120	11	14	757
08	odd	even	2	1	21	5	11	3	24	144	11	3	758
08	odd	even	2	1	21	6	11	3	24	144	11	4	759
08	odd	even	2	1	21	7	11	4	24	168	11	15	760
08	odd	even	2	1	21	8	11	4	24	168	11	16	761
08	odd	even	2	1	21	9	11	5	24	192	11	5	762
08	odd	even	2	1	21	10	11	5	24	192	11	6	763
08	odd	even	2	1	21	11	11	6	24	216	11	17	764
08	odd	even	2	1	21	12	11	6	24	216	11	18	765
08	odd	even	2	2	21	13	11	7	24	288	11	7	766
08	odd	even	2	2	21	14	11	7	24	288	11	8	767
08	odd	even	2	2	21	15	11	8	24	312	11	19	768
08	odd	even	2	2	21	16	11	8	24	312	11	20	769
08	odd	even	2	2	21	17	11	9	24	336	11	9	770
08	odd	even	2	2	21	18	11	9	24	336	11	10	771
08	odd	even	2	2	21	19	11	10	24	360	11	21	772
08	odd	even	2	2	21	20	11	10	24	360	11	22	773
08	odd	even	2	2	21	21	11	11	24	24	11	11	774
08	odd	even	2	2	21	22	11	11	24	24	11	12	775
08	odd	even	2	2	21	23	11	12	24	48	11	23	776
08	odd	even	2	2	21	24	11	12	24	48	11	24	777
08	odd	odd	2	2	22	23	11	12	24	48	12	23	778
08	odd	odd	2	2	22	24	11	12	24	48	12	24	779
08	odd	even	2	1	22	1	11	1	24	96	12	1	780
08	odd	even	2	1	22	2	11	1	24	96	12	2	781
08	odd	even	2	1	22	3	11	2	24	120	12	13	782
08	odd	even	2	1	22	4	11	2	24	120	12	14	783
08	odd	even	2	1	22	5	11	3	24	144	12	3	784
08	odd	even	2	1	22	6	11	3	24	144	12	4	785
08	odd	even	2	1	22	7	11	4	24	168	12	15	786
08	odd	even	2	1	22	8	11	4	24	168	12	16	787
08	odd	even	2	1	22	9	11	5	24	192	12	5	788
08	odd	even	2	1	22	10	11	5	24	192	12	6	789
08	odd	even	2	1	22	11	11	6	24	216	12	17	790
08	odd	even	2	1	22	12	11	6	24	216	12	18	791
08	odd	even	2	2	22	13	11	7	24	288	12	7	792
08	odd	even	2	2	22	14	11	7	24	288	12	8	793
08	odd	even	2	2	22	15	11	8	24	312	12	19	794
08	odd	even	2	2	22	16	11	8	24	312	12	20	795
08	odd	even	2	2	22	17	11	9	24	336	12	9	796
08	odd	even	2	2	22	18	11	9	24	336	12	10	797
08	odd	even	2	2	22	19	11	10	24	360	12	21	798
08	odd	even	2	2	22	20	11	10	24	360	12	22	799
08	odd	even	2	2	22	21	11	11	24	24	12	11	800
08	odd	even	2	2	22	22	11	11	24	24	12	12	801
08	odd	even	2	2	22	23	11	12	24	48	12	23	802
08	odd	even	2	2	22	24	11	12	24	48	12	24	803
08	odd	odd	2	2	23	24	12	12	48	48	23	24	804
08	odd	even	2	1	23	1	12	1	48	96	23	1	805
08	odd	even	2	1	23	2	12	1	48	96	23	2	806
08	odd	even	2	1	23	3	12	2	48	120	23	13	807
08	odd	even	2	1	23	4	12	2	48	120	23	14	808
08	odd	even	2	1	23	5	12	3	48	144	23	3	809
08	odd	even	2	1	23	6	12	3	48	144	23	4	810
08	odd	even	2	1	23	7	12	4	48	168	23	15	811
08	odd	even	2	1	23	8	12	4	48	168	23	16	812
08	odd	even	2	1	23	9	12	5	48	192	23	5	813
08	odd	even	2	1	23	10	12	5	48	192	23	6	814
08	odd	even	2	1	23	11	12	6	48	216	23	17	815
08	odd	even	2	1	23	12	12	6	48	216	23	18	816
08	odd	even	2	2	23	13	12	7	48	288	23	7	817
08	odd	even	2	2	23	14	12	7	48	288	23	8	818
08	odd	even	2	2	23	15	12	8	48	312	23	19	819
08	odd	even	2	2	23	16	12	8	48	312	23	20	820
08	odd	even	2	2	23	17	12	9	48	336	23	9	821
08	odd	even	2	2	23	18	12	9	48	336	23	10	822
08	odd	even	2	2	23	19	12	10	48	360	23	21	823
08	odd	even	2	2	23	20	12	10	48	360	23	22	824
08	odd	even	2	2	23	21	12	11	48	24	23	11	825
08	odd	even	2	2	23	22	12	11	48	24	23	12	826
08	odd	even	2	2	23	23	12	12	48	48	23	23	827
08	odd	even	2	2	23	24	12	12	48	48	23	24	828
08	odd	even	2	1	24	1	12	1	48	96	24	1	829
08	odd	even	2	1	24	2	12	1	48	96	24	2	830
08	odd	even	2	1	24	3	12	2	48	120	24	13	831
08	odd	even	2	1	24	4	12	2	48	120	24	14	832
08	odd	even	2	1	24	5	12	3	48	144	24	3	833
08	odd	even	2	1	24	6	12	3	48	144	24	4	834
08	odd	even	2	1	24	7	12	4	48	168	24	15	835
08	odd	even	2	1	24	8	12	4	48	168	24	16	836
08	odd	even	2	1	24	9	12	5	48	192	24	5	837
08	odd	even	2	1	24	10	12	5	48	192	24	6	838
08	odd	even	2	1	24	11	12	6	48	216	24	17	839
08	odd	even	2	1	24	12	12	6	48	216	24	18	840
08	odd	even	2	2	24	13	12	7	48	288	24	7	841
08	odd	even	2	2	24	14	12	7	48	288	24	8	842
08	odd	even	2	2	24	15	12	8	48	312	24	19	843
08	odd	even	2	2	24	16	12	8	48	312	24	20	844
08	odd	even	2	2	24	17	12	9	48	336	24	9	845
08	odd	even	2	2	24	18	12	9	48	336	24	10	846
08	odd	even	2	2	24	19	12	10	48	360	24	21	847
08	odd	even	2	2	24	20	12	10	48	360	24	22	848
08	odd	even	2	2	24	21	12	11	48	24	24	11	849
08	odd	even	2	2	24	22	12	11	48	24	24	12	850
08	odd	even	2	2	24	23	12	12	48	48	24	23	851
08	odd	even	2	2	24	24	12	12	48	48	24	24	852
08	even	even	1	1	1	2	1	1	96	96	1	2	853
08	even	even	1	1	1	3	1	2	96	120	1	13	854
08	even	even	1	1	1	4	1	2	96	120	1	14	855
08	even	even	1	1	1	5	1	3	96	144	1	3	856
08	even	even	1	1	1	6	1	3	96	144	1	4	857
08	even	even	1	1	1	7	1	4	96	168	1	15	858
08	even	even	1	1	1	8	1	4	96	168	1	16	859
08	even	even	1	1	1	9	1	5	96	192	1	5	860
08	even	even	1	1	1	10	1	5	96	192	1	6	861
08	even	even	1	1	1	11	1	6	96	216	1	17	862
08	even	even	1	1	1	12	1	6	96	216	1	18	863
08	even	even	1	2	1	13	1	7	96	288	1	7	864
08	even	even	1	2	1	14	1	7	96	288	1	8	865
08	even	even	1	2	1	15	1	8	96	312	1	19	866
08	even	even	1	2	1	16	1	8	96	312	1	20	867
08	even	even	1	2	1	17	1	9	96	336	1	9	868
08	even	even	1	2	1	18	1	9	96	336	1	10	869
08	even	even	1	2	1	19	1	10	96	360	1	21	870
08	even	even	1	2	1	20	1	10	96	360	1	22	871
08	even	even	1	2	1	21	1	11	96	24	1	11	872
08	even	even	1	2	1	22	1	11	96	24	1	12	873
08	even	even	1	2	1	23	1	12	96	48	1	23	874
08	even	even	1	2	1	24	1	12	96	48	1	24	875
08	even	even	1	1	2	3	1	2	96	120	2	13	876
08	even	even	1	1	2	4	1	2	96	120	2	14	877
08	even	even	1	1	2	5	1	3	96	144	2	3	878
08	even	even	1	1	2	6	1	3	96	144	2	4	879
08	even	even	1	1	2	7	1	4	96	168	2	15	880
08	even	even	1	1	2	8	1	4	96	168	2	16	881
08	even	even	1	1	2	9	1	5	96	192	2	5	882
08	even	even	1	1	2	10	1	5	96	192	2	6	883
08	even	even	1	1	2	11	1	6	96	216	2	17	884
08	even	even	1	1	2	12	1	6	96	216	2	18	885
08	even	even	1	2	2	13	1	7	96	288	2	7	886
08	even	even	1	2	2	14	1	7	96	288	2	8	887
08	even	even	1	2	2	15	1	8	96	312	2	19	888
08	even	even	1	2	2	16	1	8	96	312	2	20	889
08	even	even	1	2	2	17	1	9	96	336	2	9	890
08	even	even	1	2	2	18	1	9	96	336	2	10	891
08	even	even	1	2	2	19	1	10	96	360	2	21	892
08	even	even	1	2	2	20	1	10	96	360	2	22	893
08	even	even	1	2	2	21	1	11	96	24	2	11	894
08	even	even	1	2	2	22	1	11	96	24	2	12	895
08	even	even	1	2	2	23	1	12	96	48	2	23	896
08	even	even	1	2	2	24	1	12	96	48	2	24	897
08	even	even	1	1	3	4	2	2	120	120	13	14	898
08	even	even	1	1	3	5	2	3	120	144	13	3	899
08	even	even	1	1	3	6	2	3	120	144	13	4	900
08	even	even	1	1	3	7	2	4	120	168	13	15	901
08	even	even	1	1	3	8	2	4	120	168	13	16	902
08	even	even	1	1	3	9	2	5	120	192	13	5	903
08	even	even	1	1	3	10	2	5	120	192	13	6	904
08	even	even	1	1	3	11	2	6	120	216	13	17	905
08	even	even	1	1	3	12	2	6	120	216	13	18	906
08	even	even	1	2	3	13	2	7	120	288	13	7	907
08	even	even	1	2	3	14	2	7	120	288	13	8	908
08	even	even	1	2	3	15	2	8	120	312	13	19	909
08	even	even	1	2	3	16	2	8	120	312	13	20	910
08	even	even	1	2	3	17	2	9	120	336	13	9	911
08	even	even	1	2	3	18	2	9	120	336	13	10	912
08	even	even	1	2	3	19	2	10	120	360	13	21	913
08	even	even	1	2	3	20	2	10	120	360	13	22	914
08	even	even	1	2	3	21	2	11	120	24	13	11	915
08	even	even	1	2	3	22	2	11	120	24	13	12	916
08	even	even	1	2	3	23	2	12	120	48	13	23	917
08	even	even	1	2	3	24	2	12	120	48	13	24	918
08	even	even	1	1	4	5	2	3	120	144	14	3	919
08	even	even	1	1	4	6	2	3	120	144	14	4	920
08	even	even	1	1	4	7	2	4	120	168	14	15	921
08	even	even	1	1	4	8	2	4	120	168	14	16	922
08	even	even	1	1	4	9	2	5	120	192	14	5	923
08	even	even	1	1	4	10	2	5	120	192	14	6	924
08	even	even	1	1	4	11	2	6	120	216	14	17	925
08	even	even	1	1	4	12	2	6	120	216	14	18	926
08	even	even	1	2	4	13	2	7	120	288	14	7	927
08	even	even	1	2	4	14	2	7	120	288	14	8	928
08	even	even	1	2	4	15	2	8	120	312	14	19	929
08	even	even	1	2	4	16	2	8	120	312	14	20	930
08	even	even	1	2	4	17	2	9	120	336	14	9	931
08	even	even	1	2	4	18	2	9	120	336	14	10	932
08	even	even	1	2	4	19	2	10	120	360	14	21	933
08	even	even	1	2	4	20	2	10	120	360	14	22	934
08	even	even	1	2	4	21	2	11	120	24	14	11	935
08	even	even	1	2	4	22	2	11	120	24	14	12	936
08	even	even	1	2	4	23	2	12	120	48	14	23	937
08	even	even	1	2	4	24	2	12	120	48	14	24	938
08	even	even	1	1	5	6	3	3	144	144	3	4	939
08	even	even	1	1	5	7	3	4	144	168	3	15	940
08	even	even	1	1	5	8	3	4	144	168	3	16	941
08	even	even	1	1	5	9	3	5	144	192	3	5	942
08	even	even	1	1	5	10	3	5	144	192	3	6	943
08	even	even	1	1	5	11	3	6	144	216	3	17	944
08	even	even	1	1	5	12	3	6	144	216	3	18	945
08	even	even	1	2	5	13	3	7	144	288	3	7	946
08	even	even	1	2	5	14	3	7	144	288	3	8	947
08	even	even	1	2	5	15	3	8	144	312	3	19	948
08	even	even	1	2	5	16	3	8	144	312	3	20	949
08	even	even	1	2	5	17	3	9	144	336	3	9	950
08	even	even	1	2	5	18	3	9	144	336	3	10	951
08	even	even	1	2	5	19	3	10	144	360	3	21	952
08	even	even	1	2	5	20	3	10	144	360	3	22	953
08	even	even	1	2	5	21	3	11	144	24	3	11	954
08	even	even	1	2	5	22	3	11	144	24	3	12	955
08	even	even	1	2	5	23	3	12	144	48	3	23	956
08	even	even	1	2	5	24	3	12	144	48	3	24	957
08	even	even	1	1	6	7	3	4	144	168	4	15	958
08	even	even	1	1	6	8	3	4	144	168	4	16	959
08	even	even	1	1	6	9	3	5	144	192	4	5	960
08	even	even	1	1	6	10	3	5	144	192	4	6	961
08	even	even	1	1	6	11	3	6	144	216	4	17	962
08	even	even	1	1	6	12	3	6	144	216	4	18	963
08	even	even	1	2	6	13	3	7	144	288	4	7	964
08	even	even	1	2	6	14	3	7	144	288	4	8	965
08	even	even	1	2	6	15	3	8	144	312	4	19	966
08	even	even	1	2	6	16	3	8	144	312	4	20	967
08	even	even	1	2	6	17	3	9	144	336	4	9	968
08	even	even	1	2	6	18	3	9	144	336	4	10	969
08	even	even	1	2	6	19	3	10	144	360	4	21	970
08	even	even	1	2	6	20	3	10	144	360	4	22	971
08	even	even	1	2	6	21	3	11	144	24	4	11	972
08	even	even	1	2	6	22	3	11	144	24	4	12	973
08	even	even	1	2	6	23	3	12	144	48	4	23	974
08	even	even	1	2	6	24	3	12	144	48	4	24	975
08	even	even	1	1	7	8	4	4	168	168	15	16	976
08	even	even	1	1	7	9	4	5	168	192	15	5	977
08	even	even	1	1	7	10	4	5	168	192	15	6	978
08	even	even	1	1	7	11	4	6	168	216	15	17	979
08	even	even	1	1	7	12	4	6	168	216	15	18	980
08	even	even	1	2	7	13	4	7	168	288	15	7	981
08	even	even	1	2	7	14	4	7	168	288	15	8	982
08	even	even	1	2	7	15	4	8	168	312	15	19	983
08	even	even	1	2	7	16	4	8	168	312	15	20	984
08	even	even	1	2	7	17	4	9	168	336	15	9	985
08	even	even	1	2	7	18	4	9	168	336	15	10	986
08	even	even	1	2	7	19	4	10	168	360	15	21	987
08	even	even	1	2	7	20	4	10	168	360	15	22	988
08	even	even	1	2	7	21	4	11	168	24	15	11	989
08	even	even	1	2	7	22	4	11	168	24	15	12	990
08	even	even	1	2	7	23	4	12	168	48	15	23	991
08	even	even	1	2	7	24	4	12	168	48	15	24	992
08	even	even	1	1	8	9	4	5	168	192	16	5	993
08	even	even	1	1	8	10	4	5	168	192	16	6	994
08	even	even	1	1	8	11	4	6	168	216	16	17	995
08	even	even	1	1	8	12	4	6	168	216	16	18	996
08	even	even	1	2	8	13	4	7	168	288	16	7	997
08	even	even	1	2	8	14	4	7	168	288	16	8	998
08	even	even	1	2	8	15	4	8	168	312	16	19	999
08	even	even	1	2	8	16	4	8	168	312	16	20	1000
08	even	even	1	2	8	17	4	9	168	336	16	9	1001
08	even	even	1	2	8	18	4	9	168	336	16	10	1002
08	even	even	1	2	8	19	4	10	168	360	16	21	1003
08	even	even	1	2	8	20	4	10	168	360	16	22	1004
08	even	even	1	2	8	21	4	11	168	24	16	11	1005
08	even	even	1	2	8	22	4	11	168	24	16	12	1006
08	even	even	1	2	8	23	4	12	168	48	16	23	1007
08	even	even	1	2	8	24	4	12	168	48	16	24	1008
08	even	even	1	1	9	10	5	5	192	192	5	6	1009
08	even	even	1	1	9	11	5	6	192	216	5	17	1010
08	even	even	1	1	9	12	5	6	192	216	5	18	1011
08	even	even	1	2	9	13	5	7	192	288	5	7	1012
08	even	even	1	2	9	14	5	7	192	288	5	8	1013
08	even	even	1	2	9	15	5	8	192	312	5	19	1014
08	even	even	1	2	9	16	5	8	192	312	5	20	1015
08	even	even	1	2	9	17	5	9	192	336	5	9	1016
08	even	even	1	2	9	18	5	9	192	336	5	10	1017
08	even	even	1	2	9	19	5	10	192	360	5	21	1018
08	even	even	1	2	9	20	5	10	192	360	5	22	1019
08	even	even	1	2	9	21	5	11	192	24	5	11	1020
08	even	even	1	2	9	22	5	11	192	24	5	12	1021
08	even	even	1	2	9	23	5	12	192	48	5	23	1022
08	even	even	1	2	9	24	5	12	192	48	5	24	1023
08	even	even	1	1	10	11	5	6	192	216	6	17	1024
08	even	even	1	1	10	12	5	6	192	216	6	18	1025
08	even	even	1	2	10	13	5	7	192	288	6	7	1026
08	even	even	1	2	10	14	5	7	192	288	6	8	1027
08	even	even	1	2	10	15	5	8	192	312	6	19	1028
08	even	even	1	2	10	16	5	8	192	312	6	20	1029
08	even	even	1	2	10	17	5	9	192	336	6	9	1030
08	even	even	1	2	10	18	5	9	192	336	6	10	1031
08	even	even	1	2	10	19	5	10	192	360	6	21	1032
08	even	even	1	2	10	20	5	10	192	360	6	22	1033
08	even	even	1	2	10	21	5	11	192	24	6	11	1034
08	even	even	1	2	10	22	5	11	192	24	6	12	1035
08	even	even	1	2	10	23	5	12	192	48	6	23	1036
08	even	even	1	2	10	24	5	12	192	48	6	24	1037
08	even	even	1	1	11	12	6	6	216	216	17	18	1038
08	even	even	1	2	11	13	6	7	216	288	17	7	1039
08	even	even	1	2	11	14	6	7	216	288	17	8	1040
08	even	even	1	2	11	15	6	8	216	312	17	19	1041
08	even	even	1	2	11	16	6	8	216	312	17	20	1042
08	even	even	1	2	11	17	6	9	216	336	17	9	1043
08	even	even	1	2	11	18	6	9	216	336	17	10	1044
08	even	even	1	2	11	19	6	10	216	360	17	21	1045
08	even	even	1	2	11	20	6	10	216	360	17	22	1046
08	even	even	1	2	11	21	6	11	216	24	17	11	1047
08	even	even	1	2	11	22	6	11	216	24	17	12	1048
08	even	even	1	2	11	23	6	12	216	48	17	23	1049
08	even	even	1	2	11	24	6	12	216	48	17	24	1050
08	even	even	1	2	12	13	6	7	216	288	18	7	1051
08	even	even	1	2	12	14	6	7	216	288	18	8	1052
08	even	even	1	2	12	15	6	8	216	312	18	19	1053
08	even	even	1	2	12	16	6	8	216	312	18	20	1054
08	even	even	1	2	12	17	6	9	216	336	18	9	1055
08	even	even	1	2	12	18	6	9	216	336	18	10	1056
08	even	even	1	2	12	19	6	10	216	360	18	21	1057
08	even	even	1	2	12	20	6	10	216	360	18	22	1058
08	even	even	1	2	12	21	6	11	216	24	18	11	1059
08	even	even	1	2	12	22	6	11	216	24	18	12	1060
08	even	even	1	2	12	23	6	12	216	48	18	23	1061
08	even	even	1	2	12	24	6	12	216	48	18	24	1062
08	even	even	2	2	13	14	7	7	288	288	7	8	1063
08	even	even	2	2	13	15	7	8	288	312	7	19	1064
08	even	even	2	2	13	16	7	8	288	312	7	20	1065
08	even	even	2	2	13	17	7	9	288	336	7	9	1066
08	even	even	2	2	13	18	7	9	288	336	7	10	1067
08	even	even	2	2	13	19	7	10	288	360	7	21	1068
08	even	even	2	2	13	20	7	10	288	360	7	22	1069
08	even	even	2	2	13	21	7	11	288	24	7	11	1070
08	even	even	2	2	13	22	7	11	288	24	7	12	1071
08	even	even	2	2	13	23	7	12	288	48	7	23	1072
08	even	even	2	2	13	24	7	12	288	48	7	24	1073
08	even	even	2	2	14	15	7	8	288	312	8	19	1074
08	even	even	2	2	14	16	7	8	288	312	8	20	1075
08	even	even	2	2	14	17	7	9	288	336	8	9	1076
08	even	even	2	2	14	18	7	9	288	336	8	10	1077
08	even	even	2	2	14	19	7	10	288	360	8	21	1078
08	even	even	2	2	14	20	7	10	288	360	8	22	1079
08	even	even	2	2	14	21	7	11	288	24	8	11	1080
08	even	even	2	2	14	22	7	11	288	24	8	12	1081
08	even	even	2	2	14	23	7	12	288	48	8	23	1082
08	even	even	2	2	14	24	7	12	288	48	8	24	1083
08	even	even	2	2	15	16	8	8	312	312	19	20	1084
08	even	even	2	2	15	17	8	9	312	336	19	9	1085
08	even	even	2	2	15	18	8	9	312	336	19	10	1086
08	even	even	2	2	15	19	8	10	312	360	19	21	1087
08	even	even	2	2	15	20	8	10	312	360	19	22	1088
08	even	even	2	2	15	21	8	11	312	24	19	11	1089
08	even	even	2	2	15	22	8	11	312	24	19	12	1090
08	even	even	2	2	15	23	8	12	312	48	19	23	1091
08	even	even	2	2	15	24	8	12	312	48	19	24	1092
08	even	even	2	2	16	17	8	9	312	336	20	9	1093
08	even	even	2	2	16	18	8	9	312	336	20	10	1094
08	even	even	2	2	16	19	8	10	312	360	20	21	1095
08	even	even	2	2	16	20	8	10	312	360	20	22	1096
08	even	even	2	2	16	21	8	11	312	24	20	11	1097
08	even	even	2	2	16	22	8	11	312	24	20	12	1098
08	even	even	2	2	16	23	8	12	312	48	20	23	1099
08	even	even	2	2	16	24	8	12	312	48	20	24	1100
08	even	even	2	2	17	18	9	9	336	336	9	10	1101
08	even	even	2	2	17	19	9	10	336	360	9	21	1102
08	even	even	2	2	17	20	9	10	336	360	9	22	1103
08	even	even	2	2	17	21	9	11	336	24	9	11	1104
08	even	even	2	2	17	22	9	11	336	24	9	12	1105
08	even	even	2	2	17	23	9	12	336	48	9	23	1106
08	even	even	2	2	17	24	9	12	336	48	9	24	1107
08	even	even	2	2	18	19	9	10	336	360	10	21	1108
08	even	even	2	2	18	20	9	10	336	360	10	22	1109
08	even	even	2	2	18	21	9	11	336	24	10	11	1110
08	even	even	2	2	18	22	9	11	336	24	10	12	1111
08	even	even	2	2	18	23	9	12	336	48	10	23	1112
08	even	even	2	2	18	24	9	12	336	48	10	24	1113
08	even	even	2	2	19	20	10	10	360	360	21	22	1114
08	even	even	2	2	19	21	10	11	360	24	21	11	1115
08	even	even	2	2	19	22	10	11	360	24	21	12	1116
08	even	even	2	2	19	23	10	12	360	48	21	23	1117
08	even	even	2	2	19	24	10	12	360	48	21	24	1118
08	even	even	2	2	20	21	10	11	360	24	22	11	1119
08	even	even	2	2	20	22	10	11	360	24	22	12	1120
08	even	even	2	2	20	23	10	12	360	48	22	23	1121
08	even	even	2	2	20	24	10	12	360	48	22	24	1122
08	even	even	2	2	21	22	11	11	24	24	11	12	1123
08	even	even	2	2	21	23	11	12	24	48	11	23	1124
08	even	even	2	2	21	24	11	12	24	48	11	24	1125
08	even	even	2	2	22	23	11	12	24	48	12	23	1126
08	even	even	2	2	22	24	11	12	24	48	12	24	1127
08	even	even	2	2	23	24	12	12	48	48	23	24	1128
